arrived_at,num_prefill_tokens,num_decode_tokens
0.0,3900,8
0.0,16,8
0.0,3900,8
0.0,16,8
0.0,3900,8
0.0,16,8
0.0,3900,8
0.0,16,8
1.0,3900,8
1.0,16,8
1.0,3900,8
1.0,16,8
1.0,3900,8
1.0,16,8
1.0,3900,8
1.0,16,8
2.0,3900,8
2.0,16,8
2.0,3900,8
2.0,16,8
2.0,3900,8
2.0,16,8
2.0,3900,8
2.0,16,8
3.0,3900,8
3.0,16,8
3.0,3900,8
3.0,16,8
3.0,3900,8
3.0,16,8
3.0,3900,8
3.0,16,8
4.0,3900,8
4.0,16,8
4.0,3900,8
4.0,16,8
4.0,3900,8
4.0,16,8
4.0,3900,8
4.0,16,8
5.0,3900,8
5.0,16,8
5.0,3900,8
5.0,16,8
5.0,3900,8
5.0,16,8
5.0,3900,8
5.0,16,8
6.0,3900,8
6.0,16,8
6.0,3900,8
6.0,16,8
6.0,3900,8
6.0,16,8
6.0,3900,8
6.0,16,8
7.0,3900,8
7.0,16,8
7.0,3900,8
7.0,16,8
7.0,3900,8
7.0,16,8
7.0,3900,8
7.0,16,8
8.0,3900,8
8.0,16,8
8.0,3900,8
8.0,16,8
8.0,3900,8
8.0,16,8
8.0,3900,8
8.0,16,8
9.0,3900,8
9.0,16,8
9.0,3900,8
9.0,16,8
9.0,3900,8
9.0,16,8
9.0,3900,8
9.0,16,8
10.0,3900,8
10.0,16,8
10.0,3900,8
10.0,16,8
10.0,3900,8
10.0,16,8
10.0,3900,8
10.0,16,8
11.0,3900,8
11.0,16,8
11.0,3900,8
11.0,16,8
11.0,3900,8
11.0,16,8
11.0,3900,8
11.0,16,8
12.0,3900,8
12.0,16,8
12.0,3900,8
12.0,16,8
12.0,3900,8
12.0,16,8
12.0,3900,8
12.0,16,8
13.0,3900,8
13.0,16,8
13.0,3900,8
13.0,16,8
13.0,3900,8
13.0,16,8
13.0,3900,8
13.0,16,8
14.0,3900,8
14.0,16,8
14.0,3900,8
14.0,16,8
14.0,3900,8
14.0,16,8
14.0,3900,8
14.0,16,8
15.0,3900,8
15.0,16,8
15.0,3900,8
15.0,16,8
15.0,3900,8
15.0,16,8
15.0,3900,8
15.0,16,8
